<?xml version="1.0" encoding="UTF-8"?>
<!DOCTYPE suite SYSTEM "https://testng.org/testng-1.0.dtd">
<suite name="Suite" verbose="5" parallel="tests">
  <test thread-count="5" name="TestNG">
    <classes>
      <class name="runner.TC001_Login"/>
      <class name="runner.TC002_CreateLead"/>
    </classes>
  </test> <!-- TestNG -->
  <test thread-count="5" name="CucumberBDD">
    <classes>
      <class name="runner.BddRunner"/>
    </classes>
  </test> <!-- CucumberBDD -->
</suite> <!-- Suite -->
